-- =====================================================================
--  سلّـة — تعبئة الكتالوج الكامل (نمط بلينكِت) في قاعدة Supabase
--  شغّلها بعد schema.sql:  Supabase → SQL Editor → New query → الصق → Run
--  آمنة لإعادة التشغيل (ON CONFLICT (id) DO NOTHING).
--  بعد التشغيل: حدّث صفحة /admin فتظهر ٨ أقسام · ٣١ تفرّعاً · ٤٥ منتجاً،
--  وتظهر مباشرةً على موقع الزبون (الرئيسية/الأقسام/المنتجات/البحث).
-- =====================================================================

-- ---------- 1) الأقسام الرئيسية (8) — icon_url='icon:<Lucide>' + sort_order ----------
insert into public.categories (id, name, parent_category_id, icon_url, sort_order) values
  ('00000000-0000-0000-0000-0000000000c1','خضار وفواكه',          null,'icon:Carrot', 0),
  ('00000000-0000-0000-0000-0000000000c2','ألبان وبيض وخبز',      null,'icon:Milk',    1),
  ('00000000-0000-0000-0000-0000000000c3','مشروبات وعصائر',       null,'icon:CupSoda', 2),
  ('00000000-0000-0000-0000-0000000000c4','سناكس وحلويات',        null,'icon:Popcorn', 3),
  ('00000000-0000-0000-0000-0000000000c5','بقالة وأساسيات',       null,'icon:Wheat',   4),
  ('00000000-0000-0000-0000-0000000000c6','وجبات سريعة ومعلّبات', null,'icon:Coffee',  5),
  ('00000000-0000-0000-0000-0000000000c7','العناية والجمال',      null,'icon:Droplet', 6),
  ('00000000-0000-0000-0000-0000000000c8','أساسيات المنزل',       null,'icon:Package', 7)
on conflict (id) do nothing;

-- ---------- 2) التفرّعات (31) — parent_category_id + sort_order ----------
insert into public.categories (id, name, parent_category_id, sort_order) values
  -- خضار وفواكه (c1)
  ('00000000-0000-0000-0000-00000000d001','خضار طازجة',  '00000000-0000-0000-0000-0000000000c1',0),
  ('00000000-0000-0000-0000-00000000d002','فواكه طازجة', '00000000-0000-0000-0000-0000000000c1',1),
  ('00000000-0000-0000-0000-00000000d003','فواكه مستوردة','00000000-0000-0000-0000-0000000000c1',2),
  ('00000000-0000-0000-0000-00000000d004','أعشاب وورقيات','00000000-0000-0000-0000-0000000000c1',3),
  ('00000000-0000-0000-0000-00000000d005','خضار مجمّدة', '00000000-0000-0000-0000-0000000000c1',4),
  -- ألبان وبيض وخبز (c2)
  ('00000000-0000-0000-0000-00000000d006','حليب',        '00000000-0000-0000-0000-0000000000c2',0),
  ('00000000-0000-0000-0000-00000000d007','أجبان وألبان','00000000-0000-0000-0000-0000000000c2',1),
  ('00000000-0000-0000-0000-00000000d008','بيض',         '00000000-0000-0000-0000-0000000000c2',2),
  ('00000000-0000-0000-0000-00000000d009','خبز ومخبوزات','00000000-0000-0000-0000-0000000000c2',3),
  -- مشروبات وعصائر (c3)
  ('00000000-0000-0000-0000-00000000d010','مشروبات غازية','00000000-0000-0000-0000-0000000000c3',0),
  ('00000000-0000-0000-0000-00000000d011','عصائر',       '00000000-0000-0000-0000-0000000000c3',1),
  ('00000000-0000-0000-0000-00000000d012','ماء',         '00000000-0000-0000-0000-0000000000c3',2),
  ('00000000-0000-0000-0000-00000000d013','شاي وقهوة',   '00000000-0000-0000-0000-0000000000c3',3),
  -- سناكس وحلويات (c4)
  ('00000000-0000-0000-0000-00000000d014','شيبس وتسالي',     '00000000-0000-0000-0000-0000000000c4',0),
  ('00000000-0000-0000-0000-00000000d015','شوكولاتة وحلويات','00000000-0000-0000-0000-0000000000c4',1),
  ('00000000-0000-0000-0000-00000000d016','بسكويت وكيك',     '00000000-0000-0000-0000-0000000000c4',2),
  ('00000000-0000-0000-0000-00000000d017','آيس كريم',        '00000000-0000-0000-0000-0000000000c4',3),
  ('00000000-0000-0000-0000-00000000d018','مكسرات وبزر',     '00000000-0000-0000-0000-0000000000c4',4),
  -- بقالة وأساسيات (c5)
  ('00000000-0000-0000-0000-00000000d019','رز وحبوب',         '00000000-0000-0000-0000-0000000000c5',0),
  ('00000000-0000-0000-0000-00000000d020','زيوت وسمن',        '00000000-0000-0000-0000-0000000000c5',1),
  ('00000000-0000-0000-0000-00000000d021','سكر وملح وبهارات', '00000000-0000-0000-0000-0000000000c5',2),
  ('00000000-0000-0000-0000-00000000d022','معلّبات وصلصات',   '00000000-0000-0000-0000-0000000000c5',3),
  -- وجبات سريعة ومعلّبات (c6)
  ('00000000-0000-0000-0000-00000000d023','مكرونة ووجبات سريعة','00000000-0000-0000-0000-0000000000c6',0),
  ('00000000-0000-0000-0000-00000000d024','شوربات جاهزة',      '00000000-0000-0000-0000-0000000000c6',1),
  ('00000000-0000-0000-0000-00000000d025','أطعمة مجمّدة',      '00000000-0000-0000-0000-0000000000c6',2),
  -- العناية والجمال (c7)
  ('00000000-0000-0000-0000-00000000d026','العناية بالبشرة','00000000-0000-0000-0000-0000000000c7',0),
  ('00000000-0000-0000-0000-00000000d027','العناية بالشعر', '00000000-0000-0000-0000-0000000000c7',1),
  ('00000000-0000-0000-0000-00000000d028','مكياج وعطور',    '00000000-0000-0000-0000-0000000000c7',2),
  -- أساسيات المنزل (c8)
  ('00000000-0000-0000-0000-00000000d029','منظفات وتنظيف',       '00000000-0000-0000-0000-0000000000c8',0),
  ('00000000-0000-0000-0000-00000000d030','أدوات المطبخ والمائدة','00000000-0000-0000-0000-0000000000c8',1),
  ('00000000-0000-0000-0000-00000000d031','إضاءة وبطاريات',      '00000000-0000-0000-0000-0000000000c8',2)
on conflict (id) do nothing;

-- ---------- 3) المنتجات (45) — category_id يشير للتفرّع، mrp_iqd=NULL يعني لا خصم ----------
insert into public.products (id, category_id, name, weight_label, price_iqd, mrp_iqd, stock_quantity) values
  ('00000000-0000-0000-0000-00000000a001','00000000-0000-0000-0000-00000000d001','طماطم طازجة','500 غرام',1250,1600,64),
  ('00000000-0000-0000-0000-00000000a002','00000000-0000-0000-0000-00000000d001','خيار إنجليزي','500 غرام',1800,2100,40),
  ('00000000-0000-0000-0000-00000000a003','00000000-0000-0000-0000-00000000d001','بصل أحمر','1 كغم',1900,2250,55),
  ('00000000-0000-0000-0000-00000000a004','00000000-0000-0000-0000-00000000d001','بطاطا','1 كغم',1250,1500,70),
  ('00000000-0000-0000-0000-00000000a005','00000000-0000-0000-0000-00000000d001','جزر برتقالي','500 غرام',1000,1200,48),
  ('00000000-0000-0000-0000-00000000a006','00000000-0000-0000-0000-00000000d002','موز عضوي','1 كغم',2000,2400,48),
  ('00000000-0000-0000-0000-00000000a007','00000000-0000-0000-0000-00000000d002','تفاح أحمر','1 كغم',3500,4200,36),
  ('00000000-0000-0000-0000-00000000a008','00000000-0000-0000-0000-00000000d002','برتقال أبو صرة','1 كغم',2750,3200,42),
  ('00000000-0000-0000-0000-00000000a009','00000000-0000-0000-0000-00000000d003','مانجو صفدا فاخر','600 غرام',6000,7400,20),
  ('00000000-0000-0000-0000-00000000a010','00000000-0000-0000-0000-00000000d003','كرز أحمر مستورد','200 غرام',7450,9350,12),
  ('00000000-0000-0000-0000-00000000a011','00000000-0000-0000-0000-00000000d005','بازلاء خضراء مجمّدة','500 غرام',5750,6750,30),
  ('00000000-0000-0000-0000-00000000a012','00000000-0000-0000-0000-00000000d005','خضار مشكّلة مجمّدة','500 غرام',3650,4250,26),
  ('00000000-0000-0000-0000-00000000a013','00000000-0000-0000-0000-00000000d006','حليب طازج كامل الدسم','1 لتر',1500,1750,6),
  ('00000000-0000-0000-0000-00000000a014','00000000-0000-0000-0000-00000000d006','حليب قليل الدسم','1 لتر',1500,NULL,18),
  ('00000000-0000-0000-0000-00000000a015','00000000-0000-0000-0000-00000000d007','جبنة شيدر مبشورة','200 غرام',6000,7000,9),
  ('00000000-0000-0000-0000-00000000a016','00000000-0000-0000-0000-00000000d007','لبن زبادي طبيعي','1 كغم',2500,NULL,22),
  ('00000000-0000-0000-0000-00000000a017','00000000-0000-0000-0000-00000000d008','بيض طازج (٣٠ حبة)','30 حبة',4500,5000,3),
  ('00000000-0000-0000-0000-00000000a018','00000000-0000-0000-0000-00000000d009','خبز صمون طازج','6 حبات',1000,NULL,50),
  ('00000000-0000-0000-0000-00000000a019','00000000-0000-0000-0000-00000000d010','بيبسي ٣٣٠ مل','330 مل',750,1000,0),
  ('00000000-0000-0000-0000-00000000a020','00000000-0000-0000-0000-00000000d010','كوكا كولا','330 مل',1900,2000,80),
  ('00000000-0000-0000-0000-00000000a021','00000000-0000-0000-0000-00000000d010','سبرايت بنكهة الليمون','330 مل',1900,2000,60),
  ('00000000-0000-0000-0000-00000000a022','00000000-0000-0000-0000-00000000d011','عصير برتقال طازج','1 لتر',2000,2500,18),
  ('00000000-0000-0000-0000-00000000a023','00000000-0000-0000-0000-00000000d011','عصير مانجو','1 لتر',2250,NULL,24),
  ('00000000-0000-0000-0000-00000000a024','00000000-0000-0000-0000-00000000d012','ماء معدني ١.٥ لتر','1.5 لتر',500,NULL,0),
  ('00000000-0000-0000-0000-00000000a025','00000000-0000-0000-0000-00000000d013','شاي أسود فاخر','450 غرام',4000,5000,30),
  ('00000000-0000-0000-0000-00000000a026','00000000-0000-0000-0000-00000000d013','قهوة عربية مطحونة','250 غرام',5500,6500,16),
  ('00000000-0000-0000-0000-00000000a027','00000000-0000-0000-0000-00000000d014','شيبس بنكهة الملح','150 غرام',1000,NULL,120),
  ('00000000-0000-0000-0000-00000000a028','00000000-0000-0000-0000-00000000d014','بوشار بالجبن','90 غرام',1250,1500,60),
  ('00000000-0000-0000-0000-00000000a029','00000000-0000-0000-0000-00000000d015','كيت كات أصابع شوكولاتة','38.5 غرام',1500,NULL,90),
  ('00000000-0000-0000-0000-00000000a030','00000000-0000-0000-0000-00000000d015','لوح شوكولاتة داكنة','35 غرام',1750,2000,70),
  ('00000000-0000-0000-0000-00000000a031','00000000-0000-0000-0000-00000000d016','بسكويت كوكيز شوكولاتة','241 غرام',4000,8000,40),
  ('00000000-0000-0000-0000-00000000a032','00000000-0000-0000-0000-00000000d017','آيس كريم فانيلا عائلي','1 لتر',6500,NULL,25),
  ('00000000-0000-0000-0000-00000000a033','00000000-0000-0000-0000-00000000d018','تمر مجدول فاخر','500 غرام',8000,9500,30),
  ('00000000-0000-0000-0000-00000000a034','00000000-0000-0000-0000-00000000d019','رز بسمتي ٥ كغم','5 كغم',12000,14000,25),
  ('00000000-0000-0000-0000-00000000a035','00000000-0000-0000-0000-00000000d020','زيت دوّار الشمس ١ لتر','1 لتر',3500,4200,40),
  ('00000000-0000-0000-0000-00000000a036','00000000-0000-0000-0000-00000000d021','سكر أبيض ناعم','1 كغم',2750,3750,50),
  ('00000000-0000-0000-0000-00000000a037','00000000-0000-0000-0000-00000000d021','ملح طعام نقي','1 كغم',1500,1650,64),
  ('00000000-0000-0000-0000-00000000a038','00000000-0000-0000-0000-00000000d022','معجون طماطم','400 غرام',1750,NULL,45),
  ('00000000-0000-0000-0000-00000000a039','00000000-0000-0000-0000-00000000d023','مكرونة ماجي سريعة','300 غرام',2900,NULL,70),
  ('00000000-0000-0000-0000-00000000a040','00000000-0000-0000-0000-00000000d023','نودلز واي واي','420 غرام',2000,2400,46),
  ('00000000-0000-0000-0000-00000000a041','00000000-0000-0000-0000-00000000d025','بطاطا مقلية مجمّدة','1 كغم',4500,5500,28),
  ('00000000-0000-0000-0000-00000000a042','00000000-0000-0000-0000-00000000d026','كريم ترطيب للوجه','50 مل',8000,12000,20),
  ('00000000-0000-0000-0000-00000000a043','00000000-0000-0000-0000-00000000d027','شامبو للشعر التالف','400 مل',7000,NULL,26),
  ('00000000-0000-0000-0000-00000000a044','00000000-0000-0000-0000-00000000d029','سائل غسيل الأطباق','1 لتر',3000,3800,35),
  ('00000000-0000-0000-0000-00000000a045','00000000-0000-0000-0000-00000000d031','لمبة LED ذكية','1 قطعة',7000,9000,18)
on conflict (id) do nothing;

-- ---------- 4) (اختياري) مستخدمون + طلبات تجريبية لتفعيل لوحة الطلبات الحية ----------
insert into public.users (id, full_name, phone, role) values
  ('00000000-0000-0000-0000-00000000b001','علي حسن','07701234567','customer'),
  ('00000000-0000-0000-0000-00000000b002','زينب كريم','07712345678','customer'),
  ('00000000-0000-0000-0000-00000000b003','مصطفى علاء','07803456789','customer'),
  ('00000000-0000-0000-0000-00000000ad01','مدير الفرع','07700000000','admin'),
  ('00000000-0000-0000-0000-00000000d0a1','مصطفى','07701112233','rider'),
  ('00000000-0000-0000-0000-00000000d0a2','حيدر','07712223344','rider')
on conflict (id) do nothing;

insert into public.orders (id, customer_id, rider_id, total_amount_iqd, status, delivery_address, created_at) values
  ('00000000-0000-0000-0000-00000000e001','00000000-0000-0000-0000-00000000b001',null,21000,'pending','حي المعلمين - السماوة', now() - interval '30 seconds'),
  ('00000000-0000-0000-0000-00000000e002','00000000-0000-0000-0000-00000000b002',null,7000,'pending','حي الجمعية - السماوة', now() - interval '1 minute'),
  ('00000000-0000-0000-0000-00000000e003','00000000-0000-0000-0000-00000000b003',null,12500,'preparing','حي الزهور - السماوة', now() - interval '4 minutes'),
  ('00000000-0000-0000-0000-00000000e004','00000000-0000-0000-0000-00000000b001','00000000-0000-0000-0000-00000000d0a1',14000,'dispatched','الكورنيش - السماوة', now() - interval '9 minutes')
on conflict (id) do nothing;

insert into public.order_items (order_id, product_id, quantity, price_at_time) values
  ('00000000-0000-0000-0000-00000000e003','00000000-0000-0000-0000-00000000a006',2,2000),
  ('00000000-0000-0000-0000-00000000e003','00000000-0000-0000-0000-00000000a001',1,1250),
  ('00000000-0000-0000-0000-00000000e004','00000000-0000-0000-0000-00000000a013',2,1500),
  ('00000000-0000-0000-0000-00000000e004','00000000-0000-0000-0000-00000000a034',1,12000);

-- =====================================================================
--  تمّ ✅  بعد التشغيل حدّث /admin — وستظهر الأقسام والتفرّعات والمنتجات،
--  وتنعكس مباشرةً على موقع الزبون. لإضافة/تعديل/حذف لاحقاً استخدم اللوحة.
-- =====================================================================
