-- =====================================================================
--  سلّـة — Seed data for the v2 schema
--  Run AFTER schema_v2_reset.sql (or schema_v2.sql).
--  Safe to re-run (ON CONFLICT DO NOTHING on fixed UUIDs).
-- =====================================================================

-- ---------- CATEGORIES ----------
insert into public.categories (id, name) values
  ('00000000-0000-0000-0000-0000000000c1','بقالة'),
  ('00000000-0000-0000-0000-0000000000c2','خضار وفواكه'),
  ('00000000-0000-0000-0000-0000000000c3','مشروبات'),
  ('00000000-0000-0000-0000-0000000000c4','ألبان'),
  ('00000000-0000-0000-0000-0000000000c5','سناكس')
on conflict (id) do nothing;

-- ---------- PRODUCTS (category_id -> categories) ----------
insert into public.products (id, category_id, name, weight_label, price, stock_quantity) values
  ('00000000-0000-0000-0000-00000000a001','00000000-0000-0000-0000-0000000000c2','موز عضوي','1 كغم',2000,48),
  ('00000000-0000-0000-0000-00000000a002','00000000-0000-0000-0000-0000000000c4','حليب طازج كامل الدسم','1 لتر',1500,6),
  ('00000000-0000-0000-0000-00000000a003','00000000-0000-0000-0000-0000000000c3','بيبسي ٣٣٠ مل','330 مل',750,0),
  ('00000000-0000-0000-0000-00000000a004','00000000-0000-0000-0000-0000000000c5','شيبس بنكهة الملح','150 غرام',1000,120),
  ('00000000-0000-0000-0000-00000000a005','00000000-0000-0000-0000-0000000000c4','بيض طازج','30 حبة',4500,3),
  ('00000000-0000-0000-0000-00000000a006','00000000-0000-0000-0000-0000000000c1','رز بسمتي','5 كغم',12000,25),
  ('00000000-0000-0000-0000-00000000a007','00000000-0000-0000-0000-0000000000c1','زيت دوّار الشمس','1 لتر',3500,40),
  ('00000000-0000-0000-0000-00000000a008','00000000-0000-0000-0000-0000000000c3','ماء معدني','1.5 لتر',500,0),
  ('00000000-0000-0000-0000-00000000a009','00000000-0000-0000-0000-0000000000c2','طماطم طازجة','1 كغم',1250,64),
  ('00000000-0000-0000-0000-00000000a010','00000000-0000-0000-0000-0000000000c4','جبنة شيدر مبشورة','200 غرام',6000,9),
  ('00000000-0000-0000-0000-00000000a011','00000000-0000-0000-0000-0000000000c1','تمر مجدول فاخر','500 غرام',8000,30),
  ('00000000-0000-0000-0000-00000000a012','00000000-0000-0000-0000-0000000000c3','عصير برتقال طازج','1 لتر',2000,18)
on conflict (id) do nothing;

-- ---------- USERS (customers, admin, riders) ----------
insert into public.users (id, full_name, phone, role) values
  ('00000000-0000-0000-0000-00000000b001','علي حسن','07701234567','customer'),
  ('00000000-0000-0000-0000-00000000b002','زينب كريم','07712345678','customer'),
  ('00000000-0000-0000-0000-00000000b003','مصطفى علاء','07803456789','customer'),
  ('00000000-0000-0000-0000-00000000b004','حيدر قاسم','07504567890','customer'),
  ('00000000-0000-0000-0000-00000000b005','فاطمة جواد','07725678901','customer'),
  ('00000000-0000-0000-0000-00000000b006','كرار عبد','07816789012','customer'),
  ('00000000-0000-0000-0000-00000000b007','سجى نور','07737890123','customer'),
  ('00000000-0000-0000-0000-00000000ad01','مدير الفرع','07700000000','admin'),
  ('00000000-0000-0000-0000-00000000d001','مصطفى','07701112233','rider'),
  ('00000000-0000-0000-0000-00000000d002','حيدر','07712223344','rider'),
  ('00000000-0000-0000-0000-00000000d003','علي','07803334455','rider'),
  ('00000000-0000-0000-0000-00000000d004','كرار','07504445566','rider'),
  ('00000000-0000-0000-0000-00000000d005','حسن','07815556677','rider')
on conflict (id) do nothing;

-- ---------- ORDERS (customer_id, optional rider_id, status) ----------
insert into public.orders (id, customer_id, rider_id, total_amount, status, delivery_address, created_at) values
  ('00000000-0000-0000-0000-00000000e001','00000000-0000-0000-0000-00000000b001',null,21000,'pending','حي المعلمين - السماوة', now() - interval '30 seconds'),
  ('00000000-0000-0000-0000-00000000e002','00000000-0000-0000-0000-00000000b002',null,7000,'pending','حي الجمعية - السماوة', now() - interval '1 minute'),
  ('00000000-0000-0000-0000-00000000e003','00000000-0000-0000-0000-00000000b003',null,12500,'pending','حي الزهور - السماوة', now() - interval '2 minutes'),
  ('00000000-0000-0000-0000-00000000e004','00000000-0000-0000-0000-00000000b004',null,9500,'preparing','حي العسكري - السماوة', now() - interval '4 minutes'),
  ('00000000-0000-0000-0000-00000000e005','00000000-0000-0000-0000-00000000b005',null,18000,'preparing','حي الصناعة - السماوة', now() - interval '6 minutes'),
  ('00000000-0000-0000-0000-00000000e006','00000000-0000-0000-0000-00000000b006','00000000-0000-0000-0000-00000000d001',14000,'dispatched','حي المعلمين - السماوة', now() - interval '9 minutes'),
  ('00000000-0000-0000-0000-00000000e007','00000000-0000-0000-0000-00000000b007','00000000-0000-0000-0000-00000000d002',5000,'dispatched','الكورنيش - السماوة', now() - interval '11 minutes')
on conflict (id) do nothing;

-- ---------- ORDER ITEMS (price_at_time = unit price snapshot) ----------
insert into public.order_items (order_id, product_id, quantity, price_at_time) values
  ('00000000-0000-0000-0000-00000000e003','00000000-0000-0000-0000-00000000a001',2,2000),
  ('00000000-0000-0000-0000-00000000e003','00000000-0000-0000-0000-00000000a009',1,1250),
  ('00000000-0000-0000-0000-00000000e003','00000000-0000-0000-0000-00000000a004',2,1000),
  ('00000000-0000-0000-0000-00000000e005','00000000-0000-0000-0000-00000000a006',1,12000),
  ('00000000-0000-0000-0000-00000000e005','00000000-0000-0000-0000-00000000a002',2,1500),
  ('00000000-0000-0000-0000-00000000e006','00000000-0000-0000-0000-00000000a001',3,2000),
  ('00000000-0000-0000-0000-00000000e006','00000000-0000-0000-0000-00000000a012',1,2000),
  ('00000000-0000-0000-0000-00000000e001','00000000-0000-0000-0000-00000000a005',2,4500),
  ('00000000-0000-0000-0000-00000000e001','00000000-0000-0000-0000-00000000a010',2,6000);
