-- ===========================================================
--  سلّـة — بيانات أولية (شغّلها بعد schema.sql)
-- ===========================================================

insert into products (id,name,category,price,stock,icon,accent) values
  ('p1','موز عضوي','خضار وفواكه',2000,48,'Apple','#D9A521'),
  ('p2','حليب طازج كامل الدسم','ألبان',1500,6,'Milk','#2B7A9B'),
  ('p3','بيبسي ٣٣٠ مل','مشروبات',750,0,'CupSoda','#23306E'),
  ('p4','شيبس بنكهة الملح','سناكس',1000,120,'Popcorn','#E0A21F'),
  ('p5','بيض طازج (٣٠ حبة)','ألبان',4500,3,'Egg','#C9923E'),
  ('p6','رز بسمتي ٥ كغم','بقالة',12000,25,'Wheat','#9A6B2E'),
  ('p7','زيت دوّار الشمس ١ لتر','بقالة',3500,40,'Droplet','#D9A521'),
  ('p8','ماء معدني ١.٥ لتر','مشروبات',500,0,'GlassWater','#2B7A9B'),
  ('p9','طماطم طازجة','خضار وفواكه',1250,64,'Carrot','#D33A3A'),
  ('p10','جبنة شيدر مبشورة','ألبان',6000,9,'Milk','#D9A521'),
  ('p11','تمر مجدول فاخر','بقالة',8000,30,'Wheat','#9A6B2E'),
  ('p12','عصير برتقال طازج','مشروبات',2000,18,'Coffee','#E0852E')
on conflict (id) do nothing;

insert into riders (name,phone,available) values
  ('مصطفى','0770 111 2233',true),
  ('حيدر','0771 222 3344',true),
  ('علي','0780 333 4455',true),
  ('كرار','0750 444 5566',true),
  ('حسن','0781 555 6677',true);

insert into customers (name,phone,orders_count,total_spent,last_order,status) values
  ('علي حسن','0770 123 4567',24,312000,'اليوم','نشط'),
  ('زينب كريم','0771 234 5678',8,96000,'أمس','نشط'),
  ('مصطفى علاء','0780 345 6789',1,12500,'اليوم','جديد'),
  ('حيدر قاسم','0750 456 7890',15,188000,'قبل ٣ أيام','نشط'),
  ('فاطمة جواد','0772 567 8901',3,41000,'قبل أسبوع','غير نشط'),
  ('كرار عبد','0781 678 9012',32,540000,'اليوم','نشط'),
  ('سجى نور','0773 789 0123',2,23000,'قبل يومين','جديد');

insert into orders (id,status_col,items_count,total,rider,delivery_status,created_at) values
  (1046,'new',8,21000,null,null,        now() - interval '30 seconds'),
  (1045,'new',3,7000,null,null,         now() - interval '1 minute'),
  (1042,'new',5,12500,null,null,        now() - interval '2 minutes'),
  (1041,'packing',4,9500,null,null,     now() - interval '4 minutes'),
  (1040,'packing',8,18000,null,null,    now() - interval '6 minutes'),
  (1038,'dispatched',6,14000,'أحمد','في الطريق',  now() - interval '9 minutes'),
  (1037,'dispatched',2,5000,'سجاد','قرب الوصول',  now() - interval '11 minutes')
on conflict (id) do nothing;

insert into order_items (order_id,product_id,qty,price) values
  (1042,'p1',2,2000),(1042,'p9',1,1250),(1042,'p4',2,1000),
  (1040,'p6',1,12000),(1040,'p2',2,1500),
  (1038,'p1',3,2000),(1038,'p12',1,2000);
